<?xml version="1.0" encoding="UTF-8"?>
<project-private xmlns="http://www.netbeans.org/ns/project-private/1">
    <editor-bookmarks xmlns="http://www.netbeans.org/ns/editor-bookmarks/2" lastBookmarkId="0"/>
    <open-files xmlns="http://www.netbeans.org/ns/projectui-open-files/2">
        <group>
            <file>file:/C:/xampp/htdocs/PhpProject1/infovehicle.php</file>
            <file>file:/C:/xampp/htdocs/PhpProject1/register.html</file>
            <file>file:/C:/xampp/htdocs/PhpProject1/park.html</file>
            <file>file:/C:/xampp/htdocs/PhpProject1/search.html</file>
            <file>file:/C:/xampp/htdocs/PhpProject1/bill.html</file>
            <file>file:/C:/xampp/htdocs/PhpProject1/park.php</file>
            <file>file:/C:/xampp/htdocs/PhpProject1/bill.php</file>
            <file>file:/C:/xampp/htdocs/PhpProject1/sample.php</file>
            <file>file:/C:/xampp/htdocs/PhpProject1/index.php</file>
            <file>file:/C:/xampp/htdocs/PhpProject1/register_script.php</file>
            <file>file:/C:/xampp/htdocs/PhpProject1/search.php</file>
            <file>file:/C:/xampp/htdocs/PhpProject1/emotydisp.html</file>
            <file>file:/C:/xampp/htdocs/PhpProject1/style1.css</file>
            <file>file:/C:/xampp/htdocs/PhpProject1/emptydisp.php</file>
        </group>
    </open-files>
</project-private>
